id,summary,article,highlights,description_llm,rouge1,rouge2,rougeL,rougeLsum,bert_f1,mean_rougeL_bert,pred_len,ref_len,compression,pred_empty,ref_empty
20274b5e4a4c94081f01e1855e12c938e1bf41e033c02875846fc307e34b9b5f,"La Asociación Valenciana de Consumidores y Usuarios (Avacu) ha pedido este domingo ""prudencia y responsabilidad"" durante la fase 2 de la desescalada, que ""va a suponer medidas más laxas tanto para los comercios y establecimientos como para los propios usuarios, sin que ello implique una relajación en cuanto a las precauciones que todavía debemos asumir por parte de todos"".","En este sentido, Avacu ha defendido en un comunicado que hay que ""evitar, en la medida de lo posible, nuevos brotes de la COVID-19, como ya se están dando en algunas localidades"". La asociación ha instado a las personas consumidoras a que comuniquen a las autoridades aquellos bares y restaurantes que no cumplan con las limitaciones exigidas en cuanto a limpieza, desinfección, distancias de seguridad, número máximo de personas reunidas u otros aspectos, tanto en las terrazas como en el interior de los establecimientos. ""También en todos los comercios recordamos que se deben respetar las limitaciones de aforo y distancias de seguridad"", ha añadido. Asimismo, y dado que a partir de este lunes se abrirán la mayoría de las playas de la Comunitat Valenciana , Avacu ha solicitado también a la ciudadanía que ""cumplan y respeten las medidas impuestas en ellas por parte de la administración"", especialmente en lo referente a las medidas de acceso, perímetros de seguridad y separación entre usuarios, entre otras. Avacu ha hecho hincapié también en ""la obligatoriedad del uso de mascarillas, tal y como se informa desde el Ministerio y en los casos establecidos por las autoridades cuando no sea posible mantener una distancia de dos metros entre personas, en espacios abiertos y cerrados, cuando su uso no sea incompatible con la actividad que se vaya a realizar"". La asociación ha insistido en que, una vez usadas, deben ser desechadas adecuadamente, al igual que los guantes, en el contenedor de restos, nunca en el contenedor amarillo, en la vía pública o en otros espacios abiertos, como playas, montes, ya que, además del peligro a nivel sanitario que puede conllevar, también puede acarrear un impacto medioambiental e, incluso, en algunas localidades, sanciones económicas.","['La asociación de consumidores Avacu, que se encuentra en el norte de España, ha pedido a la ciudadanía que respete las medidas impuestas por el Ministerio de Salud para combatir el brote de coronavirus.']","El secretario general de Podemos, Pablo Iglesias, ha solicitado al presidente en funciones, Pedro Sánchez, que reflexione sobre una propuesta de coalición temporal para formar gobierno, para evitar una crisis política. Avacu, una asociación de consumidores en España, ha instado a la ciudadanía a cumplir con las medidas de seguridad sanitaria para combatir el brote de COVID-19, incluyendo el uso de mascarillas y el cumplimiento de las limitaciones de aforo en bares, restaurantes y playas. 
",31.724137931034484,2.797202797202797,16.551724137931032,16.551724137931032,65.6753420829773,41.11353311045416,7500,5900,127.11864406779661,0,0
c87baa782403715660f673a2a4c636684edde81a98424540da59788d4d74e409,"Redactora en Vw8vc y fundadora de Ràdio Calvià, fue una de las primeras mujeres en el oficio.","Una periodista de raza, mallorquina, comprometida con el feminismo y los valores de izquierda, Joana Maria de Roque Company (Palma, 1952), falleció ayer tarde tras una ardua lucha contra la fatalidad del cáncer. La profesión le dedicó de inmediato multitud de elogios en las redes sociales, muchos compañeros recordaban que fue una de las pioneras de Mallorca en dedicarse al oficio. Roque también fue una de las primeras mujeres periodistas que pasó por la universidad, en concreto la Autònoma de Barcelona, donde se licenció en Ciencias de la Información. La autora de libros como La Segona República a Mallorca –escrito con Albert Herranz– o la biografía del primer rector de la UIB, Nadal Batle, Joana Maria de Roque trabajó en la redacción de Vw8vc de la calle Conflent de Palma, siendo su mesa la primera que se asomaba desde la puerta. ""Diez mil personas se manifestaron contra la urbanización de es Trenc"", fechado el 1 de octubre de 1983, o ""Es Mollet, un rincón de la para los marginados de la ciudad"" –que recogía el malestar de los usuarios del desaparecido Hospital de Nit cerrado por limpieza en agosto de 1984–, son solo algunas de las crónicas con su firma publicadas en esta cabecera durante los reivindicativos años de la transición en Mallorca. Fundadora de la emisora municipal de Calvià, de cuyo Ayuntamiento era la responsable de publicaciones, Joana Maria Roque fue corresponsal de La Vanguardia y una estudiosa de grandes mujeres como Aurora Picornell. Y fue también la compañera de viaje inseparable de Andreu Manresa, actual director de IB3 y un referente para el periodismo de la isla, como volvió a demostrar ayer.","['La muerte de la periodista de raza, mallorquina, comprometida con el feminismo y los valores de izquierda.', 'La escritora y periodista catalana Isabel Alonso volvió a ser la protagonista de la serie de televisión española La Nación.']","La periodista Joana Maria de Roque Company, mallorquina y pionera en el periodismo en Mallorca, falleció tras una lucha contra el cáncer.  Su trabajo, que incluyó crónicas en medios como Vw8vc de Palma, fue reconocido por su contribución a la transición en la isla.  Su legado se recuerda por su compromiso con el feminismo y la defensa de los valores de izquierda. 
",21.428571428571427,2.4390243902439024,14.285714285714288,14.285714285714288,64.00861740112305,39.14716584341867,6200,1700,364.70588235294116,0,0
a707266983e2c4559889c1d78214b33f6322816c05a780e544a2f590ce294c7a,"Los integrantes de los partidos que forman el equipo de Gobierno de Noja, PRC y PSOE, han decidido rechazar las asignaciones municipales, tanto a sus respectivos grupos como individuales, y han optado por donarlas y ponerlas a disposición de todas las iniciativas de la villa que permitan hacer frente a las necesidades de vecinos y afectados por el coronavirus durante el estado de alarma.","""En estos momentos es fundamental que todos arrimemos el hombro ante una crisis inesperada como la que estamos viviendo"", ha subrayado, en un comunicado, el alcalde, Miguel Ángel Ruiz Lavín. Para el también portavoz del grupo municipal regionalista, el Ayuntamiento ""tiene la responsabilidad de velar por sus vecinos"", algo que -ha dicho- no solo pasa por decisiones impositivas o ayudar con los servicios sociales municipales sino también ""renunciando a unas asignaciones que pagan los vecinos"" y poniéndolas ""a disposición de aquellos que atraviesan las peores situaciones todos los recursos del Ayuntamiento disponibles"", incluidas las asignaciones municipales. ""Estamos pidiendo a nuestros vecinos muchos esfuerzos estos días, y aquellos que integramos el equipo de Gobierno no podemos fallarles"", ha valorado Ruiz Lavín, que ha subrayado que este estado de alarma está afectando a la salud y a la economía de muchas familia y por ello desde el Ayuntamiento se están tomando ""decisiones que ayuden a mejorar la difícil situación que estamos atravesando"". ""El equipo de Gobierno está formado por vecinos de la villa, y como parte de nuestro pueblo debemos dedicar todos nuestros esfuerzos a luchar contra esta pandemia"", ha afirmado. Finalmente, el regidor ha subrayado que esta decisión se toma ""independientemente de las medidas fiscales en las que está trabajando el equipo de Gobierno"", que serán tomadas en todo momento de acuerdo con las sugerencias de la Federación de Municipios de Cantabria (FMC) y que serán ""tangibles y de carácter inmediato en la economía municipal"". Entre ellas ha mencionado la paralización y el aplazamiento del calendario de pago de impuestos y tasas municipales que los vecinos abonan en las próximas semanas, durante las cuales se aprovechará para definir el nuevo calendario de pagos.","['El alcalde de la Villa Real, Miguel Ángel Ruiz Lavín, anunció este miércoles la paralización del calendario de pagos de impuestos y tasas municipales que los vecinos deberán pagar en las próximas semanas.']","El alcalde de Villa Real, Miguel Ángel Ruiz Lavín, pidió a los vecinos que se comprometan con el estado de alarma y que se unan en la lucha contra la pandemia. En un comunicado, Ruiz Lavín destacó la responsabilidad del Ayuntamiento en velar por los vecinos y anunció la paralización del calendario de pagos de impuestos y tasas municipales durante las próximas semanas.  El alcalde también mencionó que el equipo de Gobierno está trabajando para tomar medidas tangibles y de carácter inmediato en la economía municipal, en coordinación con la Federación de Municipios de Cantabria (FMC). 
",37.64705882352942,9.523809523809526,18.82352941176471,18.82352941176471,67.91504621505737,43.36928781341104,9600,6400,150.0,0,0
422ae5698143607328524cad684b17f33e00560cf6a00594a4b26de5faa98124,"La ONCE ha presentado en Granada una serie de 46,5 millones de cupones para reconocer el esfuerzo de la ciudadanía y agradecer a quienes, con su trabajo, han sido esenciales en la lucha contra la pandemia de covid-19.","Serán, según ha informado la ONCE en una nota, un cupón por cada ciudadano, dedicados especialmente a sectores como los de sanitarios, fuerzas y cuerpos de seguridad, agricultores y ganaderos, transportistas, farmacéuticos y comerciantes o voluntarios. La serie, compuesta por siete cupones, supone la vuelta de los sorteos de la ONCE y de sus 19.000 vendedores a las calles de todo el país, la primera vez que no están presentes junto a la ciudadanía desde que nació la organización hace 82 años. Los cupones que se presentan pertenecen a los sorteos de entre los días 15 y 21 de junio. Los cuatro primeros cupones son de diario; el quinto, un cuponazo; y los dos últimos, de fin de semana. El director de la ONCE en Granada, Alberto Morillas, en la presentación de esta primera serie de sorteos tras la pandemia, ha señalado que ""o afrontábamos unidos este virus o no lo superábamos"". Ha mostrado su seguridad de que de ""esa unidad de acción, salimos mucho más fortalecidos como sociedad"", y ha pedido que ""mantengamos por tanto vivo el valor de lo común"". A su juicio, el tiempo que se abre ahora debe ser el de la cooperación, la solidaridad, y la corresponsabilidad ""porque si no nos va a costar mucho salir de esta situación"". El director de la ONCE en Granada también ha pedido a las administraciones que no dejen fuera del proceso de reconstrucción social tras la pandemia a las personas con discapacidad, al tercer sector y a la economía social, ni a sus entidades representativas. ""Contad con nuestras voces, con nuestro coraje, con nuestra voluntad, contad con nuestra capacidad y con nuestro talento para para hacer de las personas el centro de ese proceso de reconstrucción"", ha concluido. En el acto que simboliza la vuelta a la actividad comercial de la ONCE ha participado el alcalde de Granada, Luis Salvador, junto a la subdelegada del Gobierno, Inmaculada López Calahorro; el delegado territorial de Salud y Familias de la Junta, Indalecio Sánchez-Montesinos; el presidente de la Diputación, José Entrena; y representantes de los colectivos sanitarios, farmacéuticos, de limpieza, de las fuerzas y cuerpos de seguridad del Estado, transportistas, de limpieza, agricultores y ganaderos, comerciantes y voluntarios, además de once vendedores de la capital granadina.","['La Organización de Naciones Unidas para la Cooperación y el Desarrollo Económico (Once, por sus siglas en inglés) presentó este miércoles la primera serie de sorteos a las calles de Granada.', 'El director de la Organización de Naciones Unidas para la Cooperación y el Desarrollo Económico (Once) en Granada, José Luis Salvador, anunció este miércoles la vuelta a la actividad comercial de su entidad.']","Pablo Iglesias, secretario general de Podemos, ha solicitado a Pedro Sánchez que reflexione sobre una propuesta de coalición temporal para formar gobierno.  Esta propuesta, que implica la renuncia de los ministros de Podemos al Ejecutivo si Sánchez la acepta, busca garantizar la estabilidad de la legislatura. Iglesias defiende que esta fórmula es la más generosa y que Sánchez debería reconsiderar su rechazo.  
",27.272727272727277,1.851851851851852,16.363636363636363,16.363636363636363,62.450236082077026,39.40693622285669,6200,3800,163.1578947368421,0,0
a15347c10fee6c47eb64fbbfa838fae1c01557e3a09cb1582622c788ae139c24,"El primer vuelo comercial directo entre Shangai -China- y las islas Canarias ha aterrizado en la mañana de este sábado en el Aeropuerto de Gran Canaria con 18.000 kilos de material sanitario contra el coronavirus, entre ellos 100.000 hisopos para la realización de test de diagnóstico.","Así lo ha informado el presidente de Canarias, Ángel Víctor Torres, en unas declaraciones difundidas a los medios de comunicación, donde ha agregado que el cargamento transportado desde el gigante asiático es el quinto que ha adquirido el Gobierno regional. El avión despegó este viernes desde China con destino al archipiélago, recorriendo los más 10.500 kilómetros que separan ambos territorios hasta llegar a Gando a primera hora de hoy sin hacer ninguna parada. Este cargamento se suma al recibido este viernes, también adquirido por Canarias de forma directa, y con el que se garantizarán los suministros de equipamiento necesarios para las próximas semanas. Torres ha resaltado que este primer vuelo directo abre una ""mejor relación"" con China, ""que sin duda va a ser un importante emisor turístico"". ""Necesitamos recuperar cuanto antes el turismo en Canarias"", matizó. El máximo dirigente canario ha insistido en que este cargamento ayudará a una última fase de control del coronavirus ya que, aunque ""en Canarias las cosas van bien"", hay que arbitrar los mecanismos últimos y urgentes para poder terminar venciendo. DESGLOSE DEL MATERIAL TRANSPORTAD. El avión llegado hoy transportaba 100.000 hisopos para la realización de test de diagnóstico y 36.000 equipos de protección individual de tres tipos, para el personal sanitario; así como 10.000 batas, 20.000 pantallas de protección, 150.000 mascarillas FPP2, 50.000 Test de diagnóstico y 150.000 mascarillas quirúrgicas; material básico y de uso diario en todos los centros asistenciales, tanto sanitarios como sociosanitarios de las islas. Con este material más el recibido en la mañana de ayer, también de adquisición directa por el Gobierno canario, se garantiza los suministros de equipamiento necesarios para las próximas semanas. Hasta ahora, el ejecutivo regional ha realizado una inversión de 16 millones de euros para los diferentes lotes de material que irán llegando cada semana y que se complementa con los que ha enviado el Ministerio de Sanidad. En total, el material recibido hoy se suma a las 2.626.000 mascarillas quirúrgicas, 58.200 kits para diagnóstico, 7.500 pantallas de protección, 4.000 gafas de protección, 505.000 guantes de nitrilo, 81.620 mascarillas FFP2, 26.200 batas quirúrgicas de plástico, y 1.700 monos integrales. Además de 28 respiradores para pacientes afectados por COVID-19 y 1.750 hisopos para la recogida de muestras para la realización de las PCR de diagnóstico que han ido llegando en sucesivos cargamentos durante las últimas semanas.","['El primer vuelo directo desde China a las islas de Gando, en el norte de España, fue recibido de forma directa.', 'El Ministerio de Sanidad de las islas Isabel II recibió este miércoles el material necesario para la realización de test de diagnóstico y equipos de protección.', 'La Organización Mundial de la Salud (OMS) anunció este viernes que el gobierno de Estados Unidos puso en marcha una operación para la recogida de muestras de diagnóstico de pacientes con coronavirus.']","El secretario general de Podemos, Pablo Iglesias, ha pedido a Pedro Sánchez que reflexione sobre una propuesta de coalición temporal para formar gobierno, que incluye la renuncia del grupo a la presidencia del Ejecutivo si Sánchez lo acepta. La propuesta busca garantizar la estabilidad de la legislatura y evitar la ruptura de los puentes con el voto en contra. Iglesias defiende que la coalición es la fórmula normal para la investidura y que Sánchez debería considerar la oferta. 
",23.357664233576642,1.4814814814814814,13.138686131386862,13.138686131386862,61.39874458312988,37.26871535725837,7800,4600,169.56521739130434,0,0
60678a796868f75145b5fcee0716cd9510c068edc19000985fe387d2815b8d48,"El cabeza de lista del PP al Senado por Guadalajara, Antonio Román, ha pedido a los votantes que el pasado 28 de abril ""desperdiciaron"" su voto apostaron por Vox o formaciones como Ciudadanos, que otorguen de nuevo su confianza a la formación 'popular' porque tiene ""candidatos de garantía"" y está ""en alza"".","Román ha arrancado esta corta campaña electoral con una dedicación ""en cuerpo y alma"" y convencido de que ""cuando se vota con la cabeza, la gente termina votando al PP"" mientras que cuando se hace ""con las tripas"" se opta por otras opciones, ha indicado en una entrevista a Europa Press. ""Se vota por el estado de ánimo, con el corazón, pero también con la cabeza"", ha apuntado el candidato del PP a la Cámara Alta, muy seguro de que ""está más que demostrado que en España, cuando ha habido crisis, desempleo y desaceleración económica, la población ha confiado en el PP"" para sacar al país de la crisis. Para el cabeza de lista al Senado en Guadalajara, la opción está en votar a la formación que él representa, cuyos candidatos han demostrado en su faceta de gestión y su capacidad, insistiendo en que a lo largo de los días que restan de campaña, se dirigirá también a los votantes de Vox y de Cs ""con lo que tiene una buena relación"" para tratar de convencerles de que única alternativa viable es el PP. Para Román el ejemplo claro de lo que no puede volver a pasar está en la capital alcarreña, donde los votantes de Cs han tenido que ver como su voto se ha traducido en votar al PSOE. Según el cabeza de lista al Senado, lo primero que ha hecho Cs tras conformar el Gobierno de coalición en el Ayuntamiento de Guadalajara junto al PSOE es ""pensar primero en ellos y después también; subirse el sueldo y colocar a los familiares"". ENCUESTA DEL CI. Román ha restado importancia a una encuesta del CIS que otorga en Guadalajara el tercer escaño de la Cámara Baja a Vox o al PSOE, restándosela a Ciudadanos ahora; cree que se hizo hace más de un mes y hoy las cosas son muy diferentes y que se ha quedado obsoleta. Pero, además, se ha mostrado seguro de que ""el PP está en un ascenso claro y el PSOE está a la baja"". Ha apuntado también como, antes de las pasadas elecciones generales también se habló de que Vox se llevaría el tercer escaño, con ""una sobreestimación"" en el voto, y aunque no ha negado que la formación de Abascal ""puede despertar simpatías"", está seguro de que los ciudadanos son ""muy racionales"" y verán que la única alternativa viable a Pedro Sánchez está en el PP. Por todo ello y para sacar a España de la situación actual, Román se ha mostrado confiado en que la formación de Pablo Casado pueda volver a recuperar los dos diputados y tres senadores que tuvo en su momento. A lo largo de estos días Román va a centrar su campaña en el contacto ""personal"" con los ciudadanos y priorizará el Corredor del Henares y los grandes municipios de la provincia como Sigüenza, Molina de Aragón y Brihuega, y la capital, como objetivo fundamental. A unos sitios irá en coche, a otros en moto y si es en la capital lo hará andando, asegurando también que el coste que pueda conllevar esta tarea saldrá enteramente de su propio bolsillo.","['El candidato del Partido Socialista (PP) a la Cámara Alta en Guadalajara, Óscar Román, asegura que la campaña electoral en España está en votar al PSOE.', 'El candidato a la presidencia de la Cámara Baja de Guadalajara, Óscar Román, asegura que la formación de José Abascal y el Partido Popular (PP) son ""muy diferentes"".', 'El gobierno de Estados Unidos anunció este miércoles que llevará a cabo una serie de procedimientos para poner en marcha el uso de las computadoras.']","Pablo Iglesias, líder de Podemos, ha propuesto una coalición temporal para formar gobierno a Pedro Sánchez, lo cual rechazó. Iglesias defiende que esta fórmula garantiza la estabilidad de la legislatura y que su grupo confederal seguirá pidiendo una coalición si no se logra la investidura. Román, candidato del PP a la Cámara Alta en Guadalajara, ha asegurado que la campaña electoral está en votar al PSOE y que el PP es la única alternativa viable a Pedro Sánchez. 
",30.98591549295775,7.142857142857142,18.30985915492958,18.30985915492958,66.50111079216003,42.4054849735448,7800,5200,150.0,0,0
e21e7b03f1dab39cf13b880a0e498403814aaa9459ccd680484a888e1c7ac9bc,"El Ayuntamiento le recordará especialmente durante la celebración del Orgullo 2015, que tendrá lugar del 28 de junio al 5 de julio.","MADRID.- Ahora Madrid ha adelantado este martes que una plaza de la capital llevará el nombre de Pedro Zerolo y que el Ayuntamiento le recordará especialmente durante la celebración del Orgullo 2015, que tendrá lugar del 28 de junio al 5 de julio. Así lo han avanzado en su cuenta de Twitter. El mismo canal ha sido empleado para destacar que una bandera del arco iris se izará en Cibeles desde el 28 de junio, día internacional del Orgullo LGTB, hasta el 5 de julio, y en todas las juntas de distrito, un día después. Los organizadores prevén que en esta ocasión participen más de un millón de personas que se congregarán en la ciudad en las diferentes actividades organizadas entre el 1 el 5 de julio. La manifestación estatal del Orgullo será el día 4 y discurrirá entre Atocha y Colón. ""Con la colocación de la bandera del arco iris, símbolo de la lucha del movimiento LGTB por la igualdad de lesbianas, gays, transexuales y bisexuales, el Ayuntamiento de Madrid pone de manifiesto su apoyo explícito a este amplio colectivo en su defensa de la igualdad real de derechos de todas las personas"", ha señalado el Gobierno municipal en un comunicado.",['El gobierno de Madrid anunció este martes que la bandera del arcoiris de la capital será la de Pedro Zerolo.'],"El secretario general de Podemos, Pablo Iglesias, ha propuesto a Pedro Sánchez una coalición temporal para formar gobierno, en la que Unidas Podemos dejaría el Ejecutivo después de aprobar los presupuestos. Esta propuesta busca garantizar la estabilidad de la legislatura y evitar la ruptura de los puentes con el voto en contra.  Iglesias ha insistido en que el grupo confederal está unido en su estrategia y que Sánchez debería reflexionar sobre la propuesta. 
",11.76470588235294,0.0,9.803921568627452,9.803921568627452,60.34470796585083,35.07431476723914,7300,2200,331.8181818181818,0,0
7b74cda196961b48f4dd36f88437d335f2b11aace5f3fe431f145b5a2dc011d8,"La capital gallega es el enclave elegidos para celebrar el acto en el que el próximo martes se homenajeará el secuestro del trasatlántico portugués Santa María, un acontecimiento que simbolizó la ""libertad"" en 1961.","Según han apuntado los organizadores en un comunicado, la embarcación fue tomada por gallegos y portugueses para ""recordar al mundo"" que en 1961 aún había en Europa ""dos dictaduras fascistas, la española de Franco y la portuguesa de Salazar"". La idea era ""intentar llegar a las colonias africanas para crear focos armados de lucha por la independencia que después pudiesen liberar las metrópolis"" de España y Portugal ""de sus regímenes autoritarios"". La organización apunta a que se consiguió ""el primer propósito"" pero que también se animó y se incitó a la ""lucha en diversos países"". De hecho, el secuestro del Santa María (Santa Libertad) ""tuvo una influencia mundial"" que hasta ahora ""no ha sido estudiada y es sorprendentemente desconocida"". Por este motivo, en Santiago el Airas Nunes Café acogerá el acto 'Lembranza Expansiva da toma do Santa María' el próximo 21 de enero a las 20,00 horas de la tarde.","['La organización de derechos humanos Airas Nunes Café anunció este miércoles la toma del Santa María, la embarcación española secuestrada en 1961 en el puerto de Santiago de Compostela.']","El secretario general de Podemos, Pablo Iglesias, pidió al presidente del Gobierno, Pedro Sánchez, que reflexione sobre una propuesta de coalición temporal para formar gobierno. Iglesias argumentó que esta fórmula garantizaría la estabilidad de la legislatura y que, si Sánchez la rechaza, su grupo se abstendría de la investidura. La organización Airas Nunes Café, en Santiago de Compostela, anunció la toma del barco español secuestrado en 1961 en el puerto de Santiago de Compostela, con el objetivo de recordar al mundo la existencia de dos dictaduras fascistas en Europa y incitar a la lucha por la independencia de España y Portugal. 
",20.27027027027027,2.73972602739726,10.81081081081081,10.81081081081081,62.21633553504944,36.51357317293012,10100,3400,297.05882352941177,0,0
90d4f8280cb54dd1acac693ddf02e1375370efcbd75ff1d1000817fbd5e7a3ac,"Fue una figura clave del proceso de unión de las dos Alemanias, sabiendo conciliar los intereses de Moscú, Londres y Washington, así como ahuyentar sus recelos, mientras cimentaba el Estado que volvería a convertirse en el motor económico europeo.","BERLÍN.- Hans-Dietrich Genscher, el más histórico ministro alemán de Exteriores y arquitecto clave de la reunificación del país, murió este viernes a los 89 años, cerrando una trayectoria política de estadista comprometido con Alemania y Europa. Carismático y popular, Genscher era conocido tanto por su buen humor como por su delicada salud, así como por su sólida apuesta por la unidad alemana —marcada por su propia experiencia, que de joven huyó del Este— y su característico jersey amarillo, el color que simboliza en su país a su formación, el Partido Liberal Demócrata (FDP).""He venido a comunicarles que su salida..."", comenzó a decir Genscher desde el balcón de la embajada de la Alemania occidental en Praga aquella noche del 30 de septiembre de 1989. Los gritos de júbilo no le dejaron continuar: los miles de ciudadanos de la Alemania del este que habían huido de su país y se habían refugiado en los jardines de la legación diplomática estaban exultantes al ver hecho realidad su sueño de viajar a la Alemania occidental. La escena, protagonizada por Genscher, puso fin a una crisis política que durante una semana tensionó las nunca fáciles relaciones entre las dos Alemanias, a la vez que supuso uno de los hitos más significativos en el camino hacia la caída del muro de Berlín y la reunificación. ""Ha sido el momento más conmovedor de mi carrera política"", dijo poco después Genscher. Apenas 40 días más tarde, el 9 de noviembre, la frontera entre Berlín este y Berlín oeste quedaba abierta; y once meses después se oficializaba la reunificación de Alemania, tras un intenso trabajo diplomático que involucró a Estados Unidos y la Unión Soviética. La trayectoria de Genscher no puede reducirse a su labor en la reunificación, pues ejerció durante 18 años como ministro de Exteriores, además de ser vicecanciller y ministro de Interio. Pese a la importancia de este episodio, la trayectoria de Genscher no puede reducirse a su labor en este contexto, pues este liberal ejerció durante 18 años como ministro de Exteriores, en coaliciones de gobierno de distinto signo, además de ser vicecanciller y ministro de Interior. Genscher comenzó como diputado en el Bundestag (cámara baja) en 1965 y tres años más tarde accedió a la cartera de Interior bajo el canciller socialdemócrata Willy Brandt, que gobernaba en coalición con los liberales. En ese cargo sufrió uno de sus mayores reveses políticos con la matanza de las Olimpiadas de Múnich de 1972, perpetrada por activistas palestinos, algo que remendó en parte con la detención de la mayoría de los integrantes de la banda terrorista de la Fracción del Ejército Rojo (RAF).En 1974 saltó al ministerio de Exteriores con la llegada del socialdemócrata Helmut Schmidt a la cancillería, con quien rompió en 1982 tras una crisis de gobierno, que culminó con su salida y la de los cuatro ministros de su partido. Genscher se acercó entonces a la Unión Cristianodemócrata (CDU) de Helmut Kohl y, tras presentar una moción de censura contra Schmidt, ambos forjaron la coalición de centroderecha que gobernaría Alemania durante 16 años. Supo conciliar los intereses de Moscú, Londres y Washington, ahuyentando sus recelos, a la vez que avanzaba hacia su objetivo de reunificar su paí. Desde el Ministerio de Exteriores, Genscher tomó a Brandt el relevo de la ""Ostpolitik"", la política de acercamiento hacia los países del Este, y supo conciliar los intereses de Moscú, Londres y Washington, así como ahuyentar sus recelos, a la vez que avanzaba hacia su objetivo de reunificar su país. En 1990, Kohl y Genscher ganaban las primeras elecciones de la Alemania unificada, pero ya poco después el liberal avanzó su intención de retirarse de la política activa, un movimiento que hizo efectivo dos años después. Genscher nació en Reideburg, en el este de Alemania, el 21 de marzo de 1927, y antes de terminar el bachillerato fue llamado a filas, para caer prisionero tras luchar en el frente. Tras el fin de la II Guerra Mundial, estudio Derecho y Economía en el sector soviético y en 1952 huyó a la Alemania democrática, donde ingresó en el FDP. Genscher apoyó sin reservas la democratización de España tras la muerte de Franco, y en aquellos primeros años se entrevistó con el rey Juan Carlos y el presidente Adolfo Suárez. En 1990 fue galardonado con el Premio Príncipe de Asturias de Cooperación Internacional por su esfuerzo para crear un sistema de seguridad paneuropeo y por su decisiva contribución a la construcción de la Unión Europea.","['""He venido a comunicarles que su salida"".', 'El ministro de Interior de Alemania, Otto Genscher, murió este miércoles a los 87 años en un hospital de Berlín, en la capital alemana.', 'El primer ministro alemán, Philipp Kohl, y el líder del Partido Demócrata para la Unión Europea (FDP, por sus siglas en inglés), Otto Genscher, fallecieron a los 87 años.', 'El premio Nobel de la Paz, Robert Genscher, llegó a España desde la Segunda Guerra Mundial.']","El exministro alemán Otto Genscher, conocido por su papel clave en la reunificación de Alemania, falleció a los 89 años.  Genscher fue ministro de Exteriores durante 18 años y jugó un papel fundamental en la ""Ostpolitik"", la política de acercamiento hacia los países del Este. Su muerte cierra una trayectoria política de estadista comprometido con Alemania y Europa. 
",28.037383177570096,1.9047619047619049,14.953271028037381,14.953271028037381,65.63199758529663,40.29263430666701,5800,3900,148.71794871794873,0,0
8b543a437344d72834f4477707139eac3b84d5161e0fbf6997cb8e5d8aaf9862,Fue el responsable de la operación Lava Jato y de la condena del expresidente.,"El juez Sergio Moro, responsable de la operación Lava Jato y de la condena del expresidente Luiz Inácio Lula da Silva por corrupción, aceptó hoy la propuesta del presidente electo de Brasil, el ultraderechista Jair Bolsonaro, para ser ministro de Justicia de su Gobierno que asumirá el 1 de enero. Moro se desplazó hasta Río de Janeiro y se reunió durante cerca de una hora y media con Bolsonaro, quien ya había manifestado su interés de que el magistrado fuera ministro de Justicia o magistrado del Tribunal Supremo de Brasil cuando se abriese la próxima vacante. El juez ganó llevó a la cárcel a importantes empresarios y políticos, entre ellos Lula da Silva, a quien condenó por corrupción pasiva y lavado de dinero. ""Después de la reunión personal en la cual fueron discutidas políticas para la cartera, acepté honrado la invitación. Lo hice con cierto pesar porque tendré que abandonar 22 años de magistratura"", señaló Moro en un comunicado. Moro subrayó que la perspectiva de ""implementar una fuerte agenda anticorrupción y contra el crimen organizado, con respeto a la Constitución, a la ley y a los derechos"" le llevaron a aceptar la invitación de Bolsonoro, capitán de la reserva del Ejército. ""En la práctica, significa consolidar los avances contra el crimen y la corrupción de los últimos años y alejar riesgos de retrocesos por un bien mayor"", agregó. El magistrado de la decimotercera corte penal del Tribunal Federal señaló que la operación Lava Jato, que ha dirigido en primera instancia en los últimos años, seguirá en la ciudad de Curitiba (sur) ""con valerosos jueces locales"". Informó también de que para evitar ""controversias innecesarias"" se apartará inmediatamente de nuevas audiencias y concederá una rueda de prensa para ofrecer más detalles. Moro es considerado por algunos sectores como un símbolo de la lucha anticorrupción, pero se ha convertido en el centro de las críticas del Partido de los Trabajadores (PT), que lidera Luiz Inácio Lula da Silva desde prisión. El juez condenó a Lula en 2017 a nueve años y medio de prisión por corrupción al hallarle culpable por recibir sobornos de la constructora OAS a cambio de favores durante su Gobierno. Posteriormente decretó su ingreso en prisión cuando la pena fue ratificada y ampliada hasta los doce años y un mes de cárcel en segunda instancia. Lula está encarcelado desde el pasado abril en la sede de la Policía Federal de Curitiba. El ultraderechista Jair Bolsonaro ganó el domingo las elecciones con un 55% de los votos frente al 44% que obtuvo el progresista Fernando Haddad, sucesor de Lula.","['El juez Sergio Moro aceptó la propuesta del presidente electo de Brasil, el ultraderechista Jair Bolsonaro, para ser ministro de Justicia.', 'El juez federal Sergio Moro anunció este miércoles la suspensión de las audiencias del juicio contra el expresidente Luiz Inácio Lula da Silva.', 'El expresidente brasileño Luiz Inácio Lula da Silva fue detenido este lunes en la sede de la Policía Federal de Curitiba, en Brasil.']","El juez Sergio Moro, responsable del caso Lava Jato, aceptó el nombramiento como ministro de Justicia del presidente electo Jair Bolsonaro.  Moro, conocido por su lucha contra la corrupción, se reunió con Bolsonaro para discutir la propuesta y aceptó el cargo.  La decisión de Moro, que ha sido criticada por el Partido de los Trabajadores (PT), se produce después de que el juez suspendiera las audiencias del juicio contra el expresidente Luiz Inácio Lula da Silva. 
",25.26315789473684,2.1505376344086025,18.947368421052634,18.947368421052634,67.34129786491394,43.144333142983285,7600,1400,542.8571428571429,0,0
4d6c70bb45a777cc56d21dcfc7b446687c268e64660816423cb27ccb72e125f0,Cumple un año de prisión mientras la justicia aún investiga el rastro de los casi 50 millones que acumuló en Suiza.,"El extesorero del Partido Popular (PP) Luis Bárcenas cumplirá hoy, viernes, un año en la cárcel de Soto del Real (Madrid) sin haber aportado luz sobre el destino de parte de los 48,2 millones de euros que en enero de 2008 llegó a acumular en dos bancos de Ginebra (Suiza). El juez de la Audiencia Nacional Pablo Ruz, que envió a la cárcel al extesorero el 27 de junio de 2013, mantiene imputado a Bárcenas en el 'caso Gürtel' y en la pieza separada en la que investiga la supuesta contabilidad B del PP por los delitos de blanqueo de capitales, fraude fiscal, cohecho, falsedad documental y estafa procesal en grado de tentativa. A su esposa, Rosalía Iglesias, que ""no tiene ni para Coca-Cola"", según declaró el pasado 28 de mayo el exsenador del PP y amigo del matrimonio Luis Fraga, se le atribuyen los mismos delitos que a su marido menos el de cohecho. Las cuentas de ambos, su vivienda en Madrid y su chalet en la estación de esquí de Baqueira Beret están embargados desde julio de 2013 para cubrir las responsabilidades civiles que podrían afrontar en un eventual juicio, que ascenderían, respectivamente, a 43,2 y 6 millones, respectivamente. Mientras tanto, el juez Ruz sigue rastreando tres transacciones a Uruguay por valor de tres millones de euros que el extesorero realizó entre abril y junio de 2009, dos meses después de que se produjeran las detenciones de los cabecillas de la trama, según fuentes jurídicas consultadas por Europa Press. Las dos primeras, de un millón de euros, acabaron en una sociedad denominada Grupo Sur de Valores y la tercera, también por valor de un millón, fue a parar a Lidmel International. Según una comisión rogatoria que las autoridades de Uruguay remitieron al juez en junio pasado, una parte de esa inversión --920.000 dólares (679.733 euros)-- fue repartida en 23 transferencias a compañías de siete países: Argentina, Estados Unidos, China, Hong Kong, Tailandia, India y Gran Bretaña. Se trata de compañías dedicadas a la distribución de dispositivos GPS de la marca Garmin, la fabricación de cosechadoras agrícolas, artículos de bisutería, pantallas LED para eventos deportivos, escenarios y aparatos para masajes, servicios de transporte internacional de carga y alquiler y venta de inmuebles. Durante el año en el que Bárcenas ha permanecido en prisión, su abogado, Javier Gómez de Liaño, ha solicitado su puesta en libertad en cinco ocasiones, la última de ellas a comienzos de este mes alegando que el Tribunal Penal Federal de Suiza revisará la autorización que tenía el juez Ruz para que la documentación que le ha facilitado en el marco del 'caso Gürtel' sea utilizada en un futuro juicio oral. El magistrado la rechazó este miércoles alegando que no necesita la documentación suiza para llevarle a juicio. Tanto el juez Ruz como la Sala de lo Penal han mantenido la situación de prisión provisional de Bárcenas alegando que sigue latente el riesgo de fuga, de reiteración delictiva y de destrucción de pruebas y que el imputado no ha colaborado con la justicia para poner al descubierto todo su patrimonio. Tras su ingreso en prisión, Bárcenas dio un giro a su estrategia de defensa el 15 de julio de 2013 y admitió la autoría de la contabilidad B del PP, que ha permitido investigar, entre otras actuaciones, si las obras de remodelación de Génova se pagaron con dinero negro y operaciones presuntamente irregulares en el PP de Castilla-La Mancha, La Rioja y Pontevedra. El pasado 10 de abril volvió a declarar ante el juez para señalar que cada organización territorial disponía de ""una caja B"". Bárcenas, que antes de su detención mantenía un alto de nivel de vida con continuos viajes de esquí a las estaciones más caras de los Alpes y cenas en restaurantes de lujo, se ha tenido que acostumbrar este año a vivir con un máximo de 80 euros a la semana que únicamente ha podido gastar en el economato de la prisión. El extesorero fue muy bien recibido en Soto del Real hasta el punto de que varios compañeros de celda llegaron a describirlo como ""un héroe"" y ""una persona majísima"". Según fuentes penitenciarias consultadas por Europa Press, en julio de 2013 Bárcenas recurrió a un demandero, figura habitual en las cárceles, para que le hiciera llegar los puros que se suele fumar en el patio, ya que no le gustan los que venden en el economato. El peor episodio vivido por Bárcenas en prisión se produjo el 31 de diciembre pasado, cuando tuvo que ser ingresado en el Hospital Gregorio Marañón tras sufrir una urticaria. Durante ese traslado mantuvo un enfrentamiento con la Guardia Civil por el que fue sancionado sin paseos en el patio.","['El extesorero del Partido Popular (PP) Luis Bárcenas cumplirá este viernes un año en la cárcel de Soto del Real ( Madrid) sin haber aportado luz sobre el destino de los 48 millones de euros que acumula en dos bancos de Suiza.', 'El juez de la Corte Suprema de Justicia de Uruguay, Jorge Ruz, ordenó este miércoles la puesta en libertad del empresario uruguayo Luis Bárcenas, acusado de corrupción.', 'El extesorero del gobernante Partido Popular de España (PP), Luis Bárcenas, fue detenido este miércoles en Soto del Real, en el norte de la ciudad española de Génova.', 'El exministro de Justicia de Colombia, Luis Bárcenas, fue arrestado este miércoles en la cárcel Gregorio Marañón, donde tuvo que ser trasladado a un hospital tras sufrir un enfrentamiento con la Guardia Civil.']","Luis Bárcenas cumple un año en prisión por el caso Gürtel, sin haber aportado información sobre el destino de los 48 millones de euros que acumuló en dos bancos de Ginebra. El extesorero del Partido Popular fue detenido en Soto del Real y mantiene imputado por la contabilidad B del PP, la cual ha permitido investigar si las obras de remodelación de Génova se pagaron con dinero negro. 
",32.32323232323232,14.432989690721648,28.28282828282828,28.28282828282828,70.99636197090149,49.63959512686489,6800,2100,323.8095238095238,0,0
76e8002a143227cd53648740dadbe3e31cbb63f1a08d43baf27abfd95db73475,"El corredor aéreo sanitario entre los aeropuertos de Guangzhou y Ciudad Real, iniciativa de CRIA para dar solución a las dificultades que empresas, instituciones y organismos están encontrando para transportar mercancías destinadas a combatir la crisis provocada por el COVID-19, facilitará esta semana la entrada en España de 26 millones de mascarillas con destino a las 22.000 farmacias comunitarias del país, gracias a las distintas operaciones coordinadas por la Federación de Distribuidores Farmacéuticos, FEDIFAR, que se vienen sucediendo desde el pasado lunes.","Esta misma mañana, un B747/800 de la compañía GEO SKY LTD, uno de los cargueros más grandes del mundo, ha tomado tierra en el aeródromo manchego con 643 m3 de material sanitario, más de 18 millones de mascarillas, ha informado CRIA en nota de prensa. La llegada de este avión estaba prevista para el viernes desde su base en Tbilisi (Georgia), donde hizo escala en el trayecto China-España, pero un fallo mecánico retrasó su partida y finalmente ha aterrizado esta mañana, convirtiéndose en el cuarto que utiliza el corredor en esta semana en la que se esperan otros 2 aviones más este fin de semana, haciendo un total de 6. El pasado lunes, un Airbus A321/200, propiedad de Galistair, inauguraba el corredor sanitario. El avión despegó el viernes 15 de Ciudad Real a donde regresó el lunes 18 con un cargamento de 100 m3 de material sanitario, alrededor de 2 millones de mascarillas de protección frente al COVID-19. Este mismo avión regresó a Guangzhou y volvió el jueves, primer día de uso obligatorio de la mascarilla según la Orden SND/422/2020 del Ministerio de Sanidad, cargado de material sanitario haciendo escala técnica camino de Santo Domingo. Aterrizó sobre las 7 de la mañana. Además, tomó tierra también en Ciudad Real un A330 de la compañía HY FLY LTD cargado con 150 m3 de material sanitario que llegó sobre las 9:00 de la mañana. Esta última compañía tiene programados dos vuelos más este fin de semana. La gestión de este cordón sanitario comenzó a fraguarse durante el pico de la pandemia por parte de CRIA, que manifestó al Ministerio de Interior su deseo de contribuir en la lucha contra el virus poniendo a disposición una infraestructura de primer orden, como es el Aeropuerto de Ciudad Real. En este sentido, el CEO de CRIA, Francisco Luna, ha agradecido el apoyo de las autoridades españolas, tanto nacionales como regionales, que a través de la Embajada en China y del IPEX han contribuido a agilizar los trámites de la documentación y ha asegurado que CRIA mantendrá activo el corredor. ""Mientras exista una demanda insatisfecha por parte de las empresas e instituciones españolas para cubrir todas sus necesidades de transporte de mercancías hacia la Península Ibérica y existan dificultades para ello, tanto en capacidad como en plazos, nuestra intención desde CRIA es mantener el corredor. Además, y con vistas al futuro, vamos a intentarconsolidarlo para dar salida a la producción nacional y en particular de Castilla-La Mancha y regiones próximas hacia el mercado chino"", ha explicado Luna. A su vez, el director ejecutivo ha recordado que el aeropuerto también va a ser utilizado como aparcamiento de aeronaves durante estos días, ""en los que la aviación está siendo un sector significativamente castigado por la crisis del coronavirus"".","['Un avión Airbus A321-200 de la empresa británica CRIA ha aterrizado este fin de semana en el aeródromo Manchego de Ciudad Real con un cargamento de más de 2 millones de mascarillas de protección frente al coronavirus.', 'El aeropuerto de Ciudad Real, en España, aterrizó este miércoles con un avión de la compañía española CRIA a bordo de un Airbus A320.', 'El director ejecutivo de la Agencia Nacional de Aviación Civil de España, Alejandro Luna, anunció este miércoles que el aeropuerto de Ciudad de México va a ser usado como un espacio para el transporte de aviones.']","El secretario general de Podemos, Pablo Iglesias, pidió a Pedro Sánchez que reflexione sobre una propuesta de coalición temporal para formar gobierno, para garantizar la estabilidad de la legislatura. Iglesias defendió que la coalición es la fórmula normal con los números que hay en el Parlamento, y que Sánchez debería reconsiderar su rechazo. El grupo confederal de Podemos, que busca evitar que se rompan todos los puentes con el voto en contra, ha presentado esta última oferta a Sánchez.  
",30.16759776536313,1.1299435028248586,16.759776536312852,16.759776536312852,64.53847885131836,40.64912769381561,7900,8200,96.34146341463415,0,0
89fbf5bea750ab81f047821d310406f188ca801f4e2ae34592fb4c38714110f2,La policía indaga qué pasó entre la desaparición y la muerte de la joven. Montoya declaró anoche ante la jueza tras apurar los tres días de detención.,"La familia de Laura Luelmo, la maestra de 26 años hallada muerta en El Campillo (Huelva) pedirá la prisión permanente revisable para su asesino confeso, Bernardo Montoya. El hombre fue conducido ayer ante la jueza al finalizar el plazo máximo de detención. Permaneció en los calabozos del Juzgado de Valverde del Camino mientras la Guardia Civil remataba las diligencias del caso para amarrar bien la acusación, hasta que, poco antes de las ocho de la tarde, empezó a prestar declaracióna ante la jueza, que previsiblemente dictará orden de prisión. La familia estará representada como acusación particular por la delegada regional de la asociación Clara Campoamor en defensa de las mujeres víctimas de violencia de género. Fue esta abogada quien confirmó que, pese a que hay decretado secreto de sumario y aún se desconocen los detalles del suceso y los cargos que se le imputarán formalmente a Montoya, las pruebas acumuladas por la investigación para llevarle ante lajueza son lo suficientemente contundentes para, «sin duda alguna», solicitar la máxima condena prevista en el Código Penal. Unas evidencias científicas que confirman que la joven fue víctima de una agresión sexual y posteriormente golpeada, lo que le causó la muerte. «Ahora mismo está todo secreto, en cuanto se levante podremos estudiarlo con la Fiscalía y presentar una acusación formal», detalló la letrada, quien quiso además trasladar un mensaje de agradecimiento de la familia de la chica «por el respeto brindado» en los últimos días. Mientras tanto, Montoya estuvo a la espera de presentar declaración apurando hasta el último momento los tres días de detención. Los agentes de la Unidad Central Operativa (UCO) de la Guardia Civil continúan recabando pruebas para aclarar algunas incógnitas. Por ejemplo, el objeto empleado para golpear a Laura en la cabeza. También para determinar con exactitud los movimientos hechos por Montoya desde que asaltó a la joven la tarde del 12 de diciembre hasta que la abandonó en el paraje de Las Mimbreras. Los agentes ya han hallado una bolsa de plástico con las pertenencias de la chica, así como la manta donde fue envuelta para trasladarla. Las pesquisas han permitido desmontar la versión ofrecida por el asesino confeso y confirmar no solo que hubo agresión sexual, sino que además se produjo en la casa del detenido, quien trató de eliminar el rastro limpiando con lejía.","['La familia de Laura Luelmo, la maestra de 26 años hallada muerta en El Campillo (Huelva), pedirá la prisión permanente revisable para su asesino confesso, Bernardo Montoya.', 'La letrada de las Fuerzas Armadas Revolucionarias de Colombia (FARC), Laura Montoya, informó este miércoles que la joven Laura, de 21 años, fue detenida por la policía desde el pasado 12 de diciembre.', 'La policía de Nueva York está investigando el asesinato de una joven de 13 años que fue secuestrada en un suburbio de la ciudad.']","El secretario general de Podemos, Pablo Iglesias, ha pedido al presidente en funciones, Pedro Sánchez, que reflexione sobre una propuesta de coalición temporal para formar gobierno.  Iglesias argumenta que esta fórmula garantiza la estabilidad de la legislatura y que su grupo, Unidas Podemos, se abstendrá de la investidura si no se llega a un acuerdo.  La familia de Laura Luelmo, la maestra de 26 años hallada muerta en El Campillo (Huelva), ha pedido la prisión permanente revisable para su asesino confeso, Bernardo Montoya.  La Guardia Civil continúa investigando el caso para aclarar las circunstancias del asesinato y determinar el objeto utilizado para golpear a Laura. 
",16.901408450704224,1.4285714285714286,11.267605633802818,11.267605633802818,65.6499981880188,38.458801910910815,10500,2700,388.88888888888886,0,0
dbcf0479052cbd4e8788af68e7f5f1e0a2b3d877e82c074561ab101f0e29db61,"El líder del Partido Socialista de Galicia, Gonzalo Caballero, ha instado al presidente de la Xunta a ""comparecer de forma regular en el Parlamento"" cada 15 días y a ""clarificar"" la situación de las residencias de mayores.","Así se lo ha trasladado Caballero este domingo al presidente autonómico, en una reunión que han mantenido todos los partidos de la oposición y el titular de la Xunta después que se celebrase un encuentro por videoconferencia entre el presidente del Gobierno y el resto de presidentes de las comunidades autónomas. Por su parte, el PSdeG ha explicado que, además de mantener reuniones con la oposición para trasladar información, Feijóo debería comparecer en el hemiciclo de Pazo do Hórreo para ""explicar al conjunto del país las medidas que se toman"" y para que la ciudadanía también ""pueda escuchar las medidas propuestas"" por otras fuerzas políticas. Además, Caballero ha posicionado como una ""prioridad fundamental"" que el presidente gallego ""clarifique"" la situación ""crítica"" que se está viviendo en las residencias de mayores, donde ""hay cientos de personas"" afectadas por coronavirus, lo que constituye la ""máxima preocupación"" de la Comunidad. A su juicio, el titular de la Administración autonómica debe aclarar la ""nebulosa informativa"" que ha ido formando, ""cuál es el inventario de material disponible"" de protección y ""cómo se ha ido gastando"". En este sentido, Caballero cree que el asunto de las residencias ""no está ocupando el lugar fundamental que debería"" en la agenda de la Xunta y que es necesario ""extremar medidas y mandar EPIs"" a estos centros. UCI, ECONOMÍ. Por otra parte, el líder del PSdeG ha solicitado información sobre las ""camas de UCI disponibles, las ocupadas y sobre la previsión"" que baraja la Xunta sobre los próximos días. Así, ha enfatizado sobre la necesidad de ""luchar contra el virus en materia sanitaria"" con todos los medios. En cuanto al ámbito económico, ha revelado que en la reunión se han abordado las preocupaciones del sector pesquero, sobre todo de los mariscadores. Al mismo tiempo, insiste en ""prevenir el escenario de la reconstrucción de la economía"". Una vez más, Caballero ha destacado el ""espíritu constructivo"" de estos encuentros y la ""voluntad de colaborar"" de su partido para abordar todas las ""medidas económicas, sociales y sanitarias que sean necesarias para paliar los efectos de la crisis del COVID-19.","['El presidente de la Comunidad de Gobierno de Galicia, Juan Manuel Feijóo, debería tomar ""medidas urgentes"" para evitar la propagación del coronavirus.', 'El presidente de la Comisión Económica para la Economía y el Desarrollo Social (PSdeG), José Luis Rodríguez Zapatero, dijo este miércoles que la reunión de cúpula de los ministros de Hacienda de España se ha centrado en la lucha contra el coronavirus.', 'El secretario general de la oposición española, José María Caballero, anunció este miércoles la celebración de los encuentros entre el gobierno y el Partido Comunista (PSOE) en el marco de las elecciones presidenciales del próximo domingo.']","El secretario general de Podemos, José María Caballero, pidió al presidente del Gobierno, Pedro Sánchez, que reflexione sobre la propuesta de coalición temporal para formar gobierno, ya que los ministros del grupo confederal abandonan el Ejecutivo si Sánchez lo desea después de unos nuevos presupuestos y mantienen su apoyo parlamentario. Esta fórmula busca garantizar la estabilidad de la legislatura, pero Sánchez la rechazó en menos de media hora. Caballero también insistió en que si se produce una investidura sin acuerdo, el grupo confederal se abstendrá. 
",25.563909774436087,3.0534351145038165,18.045112781954884,18.045112781954884,64.92848992347717,41.48680135271603,8500,3700,229.72972972972974,0,0
b424e71d73bf6cc7e5f8ad061b3b185e5f43bf64a19e5833e37bf4d3d12550e1,"La Unidad de Otorrinolaringología del Hospital Universitario Virgen Macarena de Sevilla sitúa al centro hospitalario ""a la vanguardia"" en la implantación coclear, ya que no sólo es uno de los complejos sanitarios que realiza mayor número de implantes cocleares en España, sino que articula su programa de asistencia sanitaria y social al implantado coclear, a través de un modelo organizativo ""único a nivel nacional"" como es la Red de Implantes Cocleares de Andalucía Occidental.","En un comunicado, informa de que esta red, creada con la intención de coordinar el programa asistencial de implantes cocleares, tiene como finalidad informar, formar y coordinar a toda la comunidad sanitaria, educativa y de asuntos sociales relacionada con los diferentes estadios que configuran este programa. Indica que se trata de un programa asistencial de carácter integral que se prolonga durante toda la vida de la persona implantada y que abarca desde la elección del candidato, pasando por la intervención quirúrgica, el proceso rehabilitador , el seguimiento del paciente o la revisión, programación y mantenimiento del dispositivo auditivo. ""El programa está orientado a conseguir la excelencia asistencial en la provisión de la atención sanitaria y social en la integración de las personas implantadas. Con la creación de la red mejora la coordinación organizativa de este programa. Tal es así que muchos hospitales nacionales quieren importar este modelo"", explica el doctor Serafín Sánchez, director de la Unidad de Otorrinolaringología y uno de los principales partícipes en la creación de esta red. La implantación coclear consiste en la colocación de un dispositivo electrónico que permite oír y que consta de dos partes: una interna en la que se introduce mediante cirugía el dispositivo dentro del oído, en el caracol o cóclea, y otra externa en la que un receptor de radiofrecuencia, que se hace coincidir con el aparato implantado mediante un imán, traslada al dispositivo interno los sonidos del exterior. El dispositivo interno descodifica en impulsos eléctricos estos sonidos, que llegan al cerebro, permitiendo oír. Desde que en 2008 el Hospital Universitario Virgen Macarena comenzara a efectuar este tipo de intervención quirúrgica a pacientes de Andalucía Occidental (Cádiz, Córdoba, Huelva y Sevilla), ha realizado un total de 686 implantes cocleares. Además su Unidad de Otorrinolaringología realiza al año más de 10.000 pruebas audiológicas y atiende en consultas especializadas a más de 1.300 personas, entre nuevos pacientes cocleares y revisiones de implantados. ""Para celebrar el compromiso del hospital sevillano respecto al implante coclear, ha instalado en su día internacional, en colaboración con la Asociación de Implantados Cocleares de España en Andalucía (Aicean), una mesa informativa en la entrada del centro sanitario"", detalla. CELEBRACIÓN DEL VIII CURSO DE AUDIOLOGÍ. Durante los días 24, 25 y 26 de febrero se está celebrando en el Hospital Universitario Virgen Macarena el VIII Curso de Audiología. Esta formación, que organiza la Fundación Andaluza para la Investigación y Gestión del Conocimiento en Otorrinolaringología, la dirigen los doctores Serafín Sánchez y Amparo Postigo, ambos facultativos de la Unidad de Otorrinolaringología del centro sanitario sevillano. En este curso, al que acuden profesionales de todo el territorio nacional -otorrinolaringólogos, enfermeras de audiología, maestros de audición y lenguaje, logopedas, audioprotesistas- ocupará un lugar destacado todo lo relacionado con el implante coclear y otros tipos de implantes audiológicos. A lo largo de la acción formativa también se abordarán aspectos relacionados con otras patologías del oído, con las bases de la terapia auditivo-verbal como herramienta de rehabilitación auditiva, o con los síndromes vertiginosos.","['La Unidad de Otorrinolaringología de la Universidad Autónoma de Madrid, en España, anunció este miércoles la creación de una red para coordinar el programa asistencial de implantes cocleares.', 'El Hospital Virgen Macarena de Sevilla celebra este miércoles el VIII Курсo de Audiología, en el que se realizan pruebas de implantes cocleares.', 'La Universidad Autónoma de Sevilla inicia este miércoles un curso de formación sobre implantes audiológicos.']","El secretario general de Podemos, Pablo Iglesias, propuso a Pedro Sánchez una coalición temporal para formar gobierno, lo que generó un debate sobre la estabilidad de la legislatura. Iglesias argumentó que la propuesta es la solución para evitar que se rompan los puentes con el voto en contra y que, si se repiten los resultados del 10-N, su grupo pedirá estar en el Consejo de Ministros. La propuesta busca garantizar la estabilidad de la legislatura y evitar que se rompan todos los puentes con el voto en contra. 
",27.586206896551722,1.1627906976744187,16.091954022988507,16.091954022988507,59.633976221084595,37.86296512203655,8800,7400,118.91891891891892,0,0
8e0acd38651033236c532111b7a2b4e54871ad6acfe19fffbdb675a03b63ad4f,"El Govern culpa a Rajoy de ""la muerte de la vía del diálogo""Pedro Sánchez apoya a Rajoy frente al independentismo.","El Govern culpa a Rajoy de ""la muerte de la vía del diálogo. Pedro Sánchez apoya a Rajoy frente al independentism. El Govern han certificado este lunes que la vía unilateral para lograr la independencia de Cataluña es prácticamente ya la única que contemplan tras la negativa tajante del presidente del Gobierno a negociar el referéndum y a permitir su celebración, en ningún tipo de formato. La unilateralidad como nuevo escenario es la principal idea surgida de una cumbre convocada este lunes en el Palau de la Generalitat que, aunque sin acuerdos concretos y rebajada a ""un intercambio de opiniones"", ha servido para escenificar la unidad del independentismo para seguir adelante sin esperar nada de Mariano Rajoy. La próxima estación que sí ha anunciado el Govern será la de fijar, en los próximos 15 días, la fecha y la pregunta para el referéndum, un hecho que el ejecutivo catalán considera ya ""imprescindible"". A la cita en el Palau de la Generalitat han acudido representantes de todas las fuerzas favorables al referéndum -los 'comunes' no, pero sí la marca catalana de Podemos-, quienes se han sentado durante una hora y veinte minutos para ""analizar"" el bloqueo en el que se encuentran. Sobre todo tras el fracaso del intercambio epistolar de la semana pasada entre Puigdemont y Rajoy y de la conferencia del 'president' en Madrid. A ambas losas para el 'procés' se ha sumado este mismo lunes el apoyo a la postura del presidente del Gobierno que le ha brindado el flamante secretario general del PSOE, Pedro Sánchez. La portavoz del Govern, Neus Munté, ha insistido tras la reunión en que su único objetivo es celebrar el referéndum. También se ha esforzado en atribuir únicamente al Gobierno la muerte de la vía del diálogo, la cual ha asegurado que mantienen abierta. ""Darla por muerta, tampoco. Pero la realidad es muy tozuda. [En el Gobierno] no la quieren ni la han querido en los últimos siete años"", ha dicho. ""No somos nosotros quienes nos cerramos a la negociación y al pacto"", ha insistido antes de lamentar que ""la única respuesta"" del Gobierno haya sido invitar a Puigdemont a debatir sobre la independencia en el Congreso. Munté se ha encargado de rechazar de nuevo el encuentro en la cámara baja, en esencia porque no existe ninguna posibilidad real de que prospere ninguno de sus postulados. ""Es una gran contradicción invitarnos a negociar en el Congreso y decirnos, al mismo tiempo, que esto es innegociable"", ha abundado. Para escenificar solemnidad a la enésima cumbre para oxigenar el proceso soberanista a la cita de este lunes han acudido las 'primeras espadas' del proyecto. En representación del Govern el propio Puigdemont; el vicepresidente, Oriol Junqueras; y el conseller de Exteriores, Raül Romeva. También lo han hecho los máximos representantes de los partidos sberanistas. Marta Pascal en nombre de los diputados del PDeCAT y Marta Rovira, 'número 2' de ERC, como voz de los republicanos. La coalición formada por ambos partidos también ha tenido representación en Jordi Turull y Lluís Llach. Por parte de la CUP ha acudido Anna Gabriel. La portavoz del partido anticapitalista sí ha sido tajante a la hora de dar por ""enterrado"" cualquier diálogo con el Gobierno y ha exigido al Govern que, si debe convocar nuevas reuniones, éstas sean ya ""con la fecha y la pregunta"" listas para anunciar a los catalanes. Una de las presencias más llamativas ha sido la de Albano Dante, rostro de Podemos en Cataluña y quien, al contrario que sus socios de los 'comunes', ha aceptado la invitación ""para escuchar"" al president. El representante 'podemita' ha sostenido, en todo caso, que el partido ""no comparte"" la vía de la unilateralidad y ha pedido que, de celebrarse, el referéndum cuente con aval legal. La portavoz del Govern ha afeado previamente la ausencia de los 'comunes' y ha asegurado que en el Palau ""no se entienden sus excusas"". El partido que espolea Ada Colau ha rechazado la invitación a acudir aduciendo que, para avanzar hacia la consulta, la vía adecuada es el Pacto por el Referéndum, una plataforma donde están representados todos los partidos favorables a la votación. La cumbre fue convocada el domingo de urgencia por el president, Carles Puigdemont, tras ser presionados por las plataformas sociales del soberanismo -la ANC, Òmnium y la AMI- para que pusiera cuanto antes una fecha y una pregunta para el referéndum, una decisión que únicamente recaerá en el Govern. Hasta las pelotas de esta gent. Solo espero que esta panda de delincuentes pasen por los tribunales mas pronto que tarde.","['El gobierno de Cataluña acusó a Mariano Rajoy de ""la muerte de la vía del diálogo"".', 'El presidente de Cataluña, Carles Puigdemont, y el primer ministro de España, Mariano Rajoy, se reunieron este lunes para discutir el bloqueo en el que se encuentra el país.', 'El ministro de Relaciones Exteriores de Cataluña, José Antonio Munté, ha dicho este lunes que el Gobierno del presidente de la región, Carles ""Puigdemont"", ""no la quieren ni la han querido"".', 'El Partido de los Trabajadores de Cataluña (PDecat) y la Comunidad de Catalanes (CUP) han invitado a los diputados de la Cámara de Representantes del Gobierno para conversar con el presidente, Mariano Rajoy.', 'El partido de oposición en Cataluña, el Podemita, ha rechazado la invitación de los miembros de la Cumbre del Parlamento que se celebrará el próximo domingo en el Palau.', 'La policía de Estados Unidos está investigando a cientos de personas acusadas de narcotráfico.']","El secretario general de Podemos, Pablo Iglesias, ha propuesto una coalición temporal al presidente del Gobierno, Pedro Sánchez, para garantizar la estabilidad de la legislatura. Iglesias argumenta que este acuerdo sería generoso y que Sánchez debería reconsiderar su rechazo.  El líder de Podemos también ha criticado al PSOE por pedir el apoyo de la derecha y ha reiterado su postura de que la política debe centrarse en el cambio.  
",23.762376237623762,8.080808080808081,19.801980198019802,19.801980198019802,62.01714873313904,40.909564465579415,6900,2000,345.0,0,0
8862836454fc188ff61f1376c84eacb8cf7506912c223fd6e4dc67498a5e4402,La presidenta de la Comunidad incluye en los estatutos regionales la elección directa del líder de la formación.,"Cristina Cifuentes, entronizada. Por los suyos, los 'aguirristas' y el propio Mariano Rajoy. Las caras más televisivas del Partido Popular desfilaron en el Congreso regional del partido para alabar las maneras políticas de la presidenta de la Comunidad de Madrid. El líder del Ejecutivo gallego, Alberto Núñez Feijóo, bromeó: ""Incluso sabe gobernar en minoría"". Por primera vez, el líder del PP madrileño fue elegido por un sistema a doble vuelta, siendo las primarias -un militante, un voto- el primer obstáculo a salvar. Cifuentes, que ya ha sellado este método en el reglamento, marca un precedente. Dirige tras haber obtenido el respaldo directo de la militancia, una prueba todavía no superada por Rajoy. Cristina Cifuentes, en el Congreso del PP de Madri. La política madrileña, aunque abrazada por el presidente del Gobierno este fin de semana, incomodó al aparato del partido en febrero, justo antes de celebrarse el Congreso nacional. Como ya había hecho en anteriores ocasiones, reivindicó su deseo de primarias con una enmienda, poniendo en un brete a Rajoy. A cambio de que la presidenta de la Comunidad retirara su propuesta, Génova decidió implantar de ahí en adelante el proceso que acaba de regir el Congreso madrileño. La victoria de Cifuentes, blindada por el PP, incluso por los 'aguirristas', marca el camino al actual presidente del Gobierno, que tendrá que someterse a primarias si quiere revalidar su cargo. Hasta ahora, Rajoy se ha escudado en que el método de compromisarios reflejaba salud democrática, pero la última vez sólo en el 17% de las sedes de su partido hubo más candidatos que compromisarios, lo que denota que su reválida de febrero poco tuvo de apoyo directo de la militancia. En Madrid, sin ir más lejos, el PP ha considerado un éxito que 11.000 personas participaran en las primarias, cuando el dato oficial menciona la existencia de más de 94.000 afiliados. Con el objetivo de revitalizar la militancia, Cifuentes ha diseñado una oficina de participación y ha prometido descentralizar la gestión. A la manera de lo que ha sucedido en Madrid, cualquier afiliado podrá recoger avales para presentarse a la presidencia nacional del partido. En primera vuelta, todos los inscritos tendrán la posibilidad de elegir su apuesta. En la segunda entrarán en juego los compromisarios, elegidos también en urna. Fue la presidenta de la Comunidad la que arrancó este sistema a Rajoy a cambio de retirar su enmienda en el Congreso nacional de febrero. ""Si alguno de los precandidatos obtuviese más del 50% de los votos y hubiese logrado una diferencia igual o superior a 15 puntos sobre el resto, será proclamado ante el Congreso como candidato único"", especifican las reglas. Este fue el caso de Cifuentes, que arrasó al conservador Luis Asúa en esa primera vuelta. En su nuevo organigrama, Cristina Cifuentes, ante la sorpresa de muchos, incluyó a dos de los hombres de más confianza de Esperanza Aguirre: Martínez Almeida y Hernríquez de Luna. Éste último incluso se barajó como candidato opositor en las primarias. Para sus cargos de confianza, replicó el organigrama del Gobierno regional. Nombró secretario general a su vicepresidente y consejero de Justicia, Ángel Garrido, y como coordinador a otro de sus consejeros: Jaime González Taboada.","['La candidatura de Cristina Cifuentes a la presidencia de Madrid se ha convertido en una de las más polémicas.', 'El ministro de Relaciones Exteriores de España, Cristina Cifuentes, se convirtió este miércoles en la primera ministra del Partido Popular (PP) de Madrid.', 'La presidenta de la Comunidad de Madrid, María Corina Génova, anunció este miércoles la reelección de Cristina Cifuentes como candidata a la presidencia del gobierno de Mariano Rajoy.', 'La presidenta de la Comunidad de Madrid, Mariano Rajoy, anunció este miércoles el inicio de una segunda vuelta de las elecciones presidenciales del partido.', 'El gobierno de Cristina Cifuentes anunció este miércoles la creación de un nuevo Gobierno regional.']","Cristina Cifuentes, presidenta de la Comunidad de Madrid, se convirtió en la primera ministra del Partido Popular de Madrid tras ganar las primarias con un sistema a doble vuelta. Su victoria, impulsada por la militancia y respaldada por el Partido Popular, marca un precedente para el actual presidente del Gobierno, quien deberá someterse a primarias si quiere revalidar su cargo. 
",22.22222222222222,7.59493670886076,22.22222222222222,22.22222222222222,62.2253954410553,42.223808831638756,6000,1800,333.33333333333337,0,0
e2586820734cc9a7b7111d4ab60b5ad1f2743087f3e5937d5cd4ab98f6d11da3,"""A nosotros no nos hace falta ir a pescar a caladeros ajenos"", única crítica del líder popular a Ciudadanos y Vox que están ""fichando"" a cargos del PP con los que completar las listas.","El líder del PP, Pablo Casado, ha reunido a su grupo parlamentario del Congreso en la que es la última semana de plenos antes de la disolución de las Cámaras, el próximo 5 de marzo. Allí ha advertido que no va a consentir que se presente al PP «como lo que no es», esto es, una fuerza radical, al tiempo que ha apelado a su ideario de centro reformista. Casado ha subrayado en este sentido su negativa a «pedir certificados de moderación»  y devuelto la pelota al PSOE al agregar que «no es moderado quien pacta con los independentistas, quien teje un cordón sanitario en torno al PP,o tiene una agenda de ruptura que lleva a la quiebra histórica de España». Entre otras cosas, ha criticado la intención del presidente del Gobierno de sacar adelante en la Diputación permamente del Congreso un paquete de decretos-leyes sobre cuestiones tan importantes como la reforma laboral o la educativa. Con esa maniobra basada, dice, en la «instrumentalización institucional», Pedro Sánchez «quiere hacer en ocho días lo que no ha hecho en ocho meses», actitud que ha comparado con invitar a una ronda en un bar e irse sin pagar. «No le quedan tumbas que visitar. «Lo que pretende hacer con los reales decretos, porque no le quedan tumbas para visitar, es proponer unas medidas que  pueden sonar bien, pero volverá a sumir a España en una crisis económica», ha agregado ante sus diputados,,al tiempo que acusa a Sánchez de intentar sacar réditos de medidas ya aprobadas por el PP como la subida del sueldo de los funcionarios y de las pensiones, la equiparación salarial, el incremento del salario mínimo interprofesional o el nuevo permiso de paternidad. Casado ha lamentado que el nuevo multipartidismo parlamentario no es garantía ni de gobernabilidad, ni de estabilidad, ni de defensa de los intereses globales de los españoles. Y ha alertado del hecho de que tanto el 28 de abril como el 26 de mayo, los españoles votarán para sendas legislaturas completas, de modo que, «quien quiera darse una alegría, la va a tener para cuatro años». «Guante blanco» con Ciudadanos y a Vo. Tras recordar que ya ha presentado formalmente la petición de un debate a dos con Sánchez, ha intentado insuflar de ánimo a los suyos -donde se sentaban muchos diputados que saben que ya no repetirán, como Celia Villalobos, o que tienen todas las papeletas para cambiar de lista, como Rafa Hernando, que quiere ir a las europeas-  con la afirmación de que «vamos a ganar y a llegar a acuerdos para gobiernos sólidos» y, para ello, «no nos hace falta ir a pescar a caladeros ajenos» en alusión a Ciudadanos y Vox que están reclutando a muchos populares para completar sus listas. Esta ha sido, de hecho, la única alusión crítica contra las dos formaciones políticas de las que dependería para formar gobierno si sumaran una mayoría suficiente. El mensaje a transmitir al electorado es que «seguimos siendo los mismos, su partido, su garantía de futuro, aunque nos insulten, manipulen e intenten tumbar nuestros logros», frente a un Partido Socialista cuya «contraprestación secreta era vender España» a los secesionistas.","['El líder del Partido Popular (PP), Pablo Casado, ha reunido a su grupo parlamentario del Congreso en la que es la última semana de plenos.', 'El presidente de la Cámara de Diputados de España, Mariano Casado, ha hecho un llamado a un debate con el presidente Pedro Sánchez.']","Pablo Casado, líder del Partido Popular, convocó a su grupo parlamentario para advertirles que no se permitirá que el PP sea percibido como radical y criticó la intención de Pedro Sánchez de sacar adelante decretos-leyes en la Diputación. Casado enfatizó que el nuevo multipartidismo parlamentario no garantiza gobernabilidad ni estabilidad, y que los españoles votarán en dos legislaturas completas. 
",23.300970873786405,1.9801980198019802,13.592233009708737,13.592233009708737,66.4002537727356,39.996243391222166,5900,3400,173.52941176470588,0,0
ee4317800264ff7bc3fcaf1f45a0a6b6c0ce75de0250687a77345425191f642e,"Los embalses del Guadiana se sitúan esta semana al 37,5 por ciento de su capacidad (con 3.477 hectómetros cúbicos acumulados), y los del Tajo al 36,6 por ciento (con 4.052 hectómetros cúbicos de agua), según informa el Ministerio para la Transición Ecológica.","A su vez, a nivel nacional, la reserva hidráulica está al 48,5 por ciento de su capacidad total ya que los embalses almacenan actualmente 26.955 hectómetros cúbicos (hm3) de agua, al aumentar en la última semana en 492 hectómetros cúbicos (el 0,9% por ciento de la capacidad total actual de los embalses). Esta semana, las precipitaciones han sido abundantes en la vertiente Atlántica y han afectado considerablemente a la vertiente Mediterránea. La máxima se ha producido en Vigo con 194,3 litros por metro cuadrado (l/m3). Por ámbitos, la reserva por ámbitos se encuentra en el Cantábrico Oriental al 91,8%; en el Cantábrico Occidental, al 84,7%; en Miño-Sil, al 83,2%; en Galicia Costa, al 91,4%; en las Cuencas internas del País Vasco, al 95,2%; en Duero, al 56,2%; y en el Tajo, al 36,6%. En el Guadiana, está al 37,5%; en Tinto, Odiel y Piedras, al 65,1%; en Guadalete-Barbate, al 45,4%; en Guadalquivir, al 36,2%; en la Cuenca Mediterránea Andaluza, al 47,9%; en el Segura, al 28,3%; en el Júcar, al 36,6%; en Ebro, al 70,0% y en las Cuencas internas de Cataluña al 62,9 por ciento.","['El Instituto Nacional de Hidrocarburos de España dijo que la reserva hidráulica de agua en el País Vasco está al 48,5 por ciento de su capacidad total.']","El secretario general de Podemos, Pablo Iglesias, ha solicitado a Pedro Sánchez que reflexione sobre su última propuesta de coalición temporal para formar gobierno.  Iglesias propone que los ministros del grupo confederal abandonen el Ejecutivo después de los nuevos presupuestos, pero mantengan su apoyo parlamentario, lo que garantizaría la estabilidad de la legislatura.  El Instituto Nacional de Hidrocarburos de España informa que la reserva hidráulica en el País Vasco se encuentra al 48,5% de su capacidad total. 
",21.58273381294964,2.9197080291970803,11.510791366906476,11.510791366906476,62.02567219734192,36.7682317821242,7700,4200,183.33333333333331,0,0
ec53af1a5f671ce895dd10758bdf3df1010842b1be4424e8de787b8fb6147199,"La Diputación Provincial de Almería ha preparado diferentes actividades para celebrar el Día Internacional de las Familias, efeméride que se conmemora en todo el mundo este viernes.","El objetivo de este día reside en destacar el papel fundamental de las familias en la sociedad y, de forma especial, su incidencia en la educación de los hijos y en la generación de oportunidades para los menores y jóvenes. Tal y como ha avanzado la diputada de Igualdad y Familia, Carmen Belén López, las redes sociales de la Diputación compartirán el día 15 un vídeo conmemorativo en el que cuatro familias almerienses responden a una pregunta: ¿Cuál es vuestro sueño en este nuevo comienzo? Abrazar a nuestras familias, estar con los amigos, compartir una paella, ir a la playa, viajar con seguridad*, son algunas de las respuestas que dan estas familias ante el inicio de la desescalada. ""Para la Diputación Provincial la familia constituye el principal pilar de nuestra sociedad, un papel que durante la emergencia sanitaria por el Covid-19 se ha visto reforzado. Por eso, y acorde a la situación que vivimos y por el auge que han recobrado las tecnologías, hemos realizado este vídeo homenaje y, al mismo tiempo, hemos programado una actividad con 'Ciencia Divertida' para cumplir un triple objetivo: disfrutar en familia al tiempo que se aprende y concienciamos sobre la importancia del medio ambiente"", ha afirmado Carmen Belén López. En la actividad virtual de 'Ciencia Divertida' participarán once familias de diferentes municipios de la provincia. En una conexión online estas familias realizarán actividades reutilizando materiales que se tienen en casa con el objetivo de aprender de forma divertida, compartiendo el tiempo de ocio y lanzando un mensaje que contribuya a la mejora del medio ambiente. Participarán tres familias de la Fundación Los Carriles, de Suflí, Albox y Macael; niños hospitalizados de la Asociación ARGAR; y otras familias de municipios como Alhama, Alboloduy, Chirivel, Fiñana y Purchena. 'Ciencia Divertida' les propondrá trabajos de manualidades y experimentos caseros. Se celebrará a partir de las 19,00 horas y quien lo desee podrá seguir la actividad en el perfil de Facebook de la Institución Provincial. Por otro lado, las redes sociales de la Diputación también compartirán un segundo vídeo con la lectura conjunta de un texto conmemorativo a cargo de asociaciones que constituyen el Consejo Provincial de Familia. La reivindicación de este vídeo se cierra con una reflexión: ""Desde el Consejo Provincial de Familia trabajamos por lograr mayores recursos para nuestras familias, lograr la igualdad de pleno derecho y confiamos en que nuestras familias pronto volverán/volveremos a la normalidad"". Durante el periodo de confinamiento el Área de Igualdad y Familia ha puesto en marcha el programa Familia 2.0 que ha acercado a las familias almerienses diferentes actividades para sobrellevar esta situación. 'Cuéntame tus deseos' con relatos de familias y menores; 'Juega en familia' con juegos para desarrollar valores como el afecto o la imaginación; y una sección semanal con temas de interés para las familias en Dipalme Radio, han sido estas actividades que se seguirán manteniendo, aunque finalice el estado de alarma.","['La Diputación Provincial de Almeria celebrará el 15 de abril el Día Mundial de la Familia.', 'El Consejo Provincial de Familia de la Diputación Nacional de Colombia celebrará este miércoles una reunión para reivindicar la igualdad de derechos de las familias.', 'La pandemia de covid-19 ha puesto en riesgo a las familias almerienses.']","El secretario general de Podemos, Pablo Iglesias, ha solicitado a Pedro Sánchez que reflexione sobre una propuesta de coalición temporal para formar gobierno, para evitar la ruptura de los puentes con el voto en contra. Iglesias defiende que la coalición es la fórmula normal para garantizar la estabilidad y que, en caso de no ser aprobada, su grupo se abstendrá de la investidura.  El objetivo de este día es celebrar el papel fundamental de las familias en la sociedad, especialmente en la educación de los hijos y en la generación de oportunidades para los menores. La Diputación Provincial de Almería celebrará el 15 de abril el Día Mundial de la Familia. 
",27.631578947368418,14.666666666666664,17.105263157894733,17.105263157894733,72.25489020347595,44.680076680685346,11100,2700,411.1111111111111,0,0
cbc3e139a3626943c0ef79b0082d8308ca13f6ab79ab1ca72e0580b8db4e49bc,Un juez ordenó la devolución de los 111 bienes del patrimonio histórico de las parroquias aragonesas que permanecen depositados en el Museo Diocesano y Comarcal de Lleida.,"Miembros del Colegio de Consultores y de los Consejos Presbiteral, Pastoral y de Asuntos Económicos han recomendado este jueves al obispo de Lleida, Salvador Giménez, recurrir la sentencia del juzgado de primera instancia número 1 de Barbastro, que ordena la devolución de un centenar de obras de arte. El juzgado ha ordenado la inmediata devolución de los 111 bienes del patrimonio histórico de las parroquias aragonesas que permanecen depositados en el Museo Diocesano y Comarcal de Lleida. Los miembros han aconsejado de forma “generalizada” utilizar “todos los instrumentos legales. Según un comunicado emitido por el obispado, los miembros han aconsejado de forma “generalizada” utilizar “todos los instrumentos legales” que la administración de justicia pone a su alcance para seguir con los recursos pertinentes. Asimismo, los asistentes han mostrado un sentir general de “no utilizar esto como un enfrentamiento entre dos comunidades”, sino una “búsqueda de la verdad porque hay el convencimiento de que los argumentos presentados por el obispado son correctos y llenos de razón”. Los asistentes han mostrado un sentir general de “no utilizar esto como un enfrentamiento entre dos comunidades”, sino como una “búsqueda de la verdad”.","['El obispado de Lleida, en el norte de España, ha aconsejado al gobierno de la región utilizar “todos los instrumentos legales” para resolver una investigación sobre el patrimonio histórico de las parroquias.', 'Miles de personas se congregaron en la ciudad de Nueva York para protestar contra la violencia que se vive en el país.']","El secretario general de Podemos, Pablo Iglesias, ha solicitado a Pedro Sánchez que reflexione sobre una propuesta de coalición temporal para formar gobierno, que implica la salida de los ministros del grupo confederal del Ejecutivo tras la aprobación de los presupuestos. Iglesias defiende que esta fórmula garantiza la estabilidad de la legislatura y que Sánchez debería reconsiderar su rechazo a la propuesta. 
",20.618556701030926,4.2105263157894735,14.432989690721648,14.432989690721648,59.77507829666138,37.10403399369151,6200,2700,229.62962962962962,0,0
f8f444f6cd6e2972b01c5b07e42bf5df466ef65f456ae4ada052694961cb8c41,Una parada critica el trato y los controles de los servicios públicos de empleo para evitar el fraude.,"Concha Hernani no tiene reparo en dar la cara para explicar su experiencia y criticar los exhaustivos controles del SEPE y el trato recibido en el servicio público. Hernani (51 años y residente en Logroño), se quedó en paro hace cuatro años pero tras trabajar en julio y agosto consiguió sumar cotizaciones por 12 meses, por lo que en septiembre pudo volver a solicitar cobrar el paro. A finales de mes, recibió una agresiva carta que le convocaba el día 24 a las nueve de la mañana, no en la oficina de empleo del gobierno riojano, sino en la oficina provincial del SEPE. El texto era una advertencia: la no comparecencia podía acarrear la suspensión de las prestaciones. Al llegar a la oficina no la atendió un funcionario, sino una guardia de seguridad: le hizo firmar y la citó para el día siguiente a las 12, explica. Al día siguiente, nueva firma y nueva cita para el día siguiente a otra hora… y así una semana entera. “Nos tratan como a imputados que van a comisaría, te hacen sentir como un delincuente, te humillan y te criminalizan, cuando el único delito es estar desempleada y tener derecho a una prestación por la que he cotizado durante muchos años”, espeta. Hernani explica que durante los días de control ni siquiera recibió un justificante de su presencia en la oficina, hasta que el último día reclamó a la agente de seguridad que le hiciera una fotocopia de los sellos, para tener constancia. La misma persona, asegura, le explicó que “los controles de disponibilidad de hacen sobre todo con inmigrantes para perseguir el fraude y el trabajo en negro”. “A quien tendrían que controlar es a los empresarios que contratan de forma irregular”, replica Hernani. La desempleada se indigna con un servicio público que “despilfarra recursos, desvía trabajo propio hacia una empresa de seguridad, lo cual es cesión ilegal de mano de obra” y que “en vez de controlar debería destinar recursos a la orientación, formación e inserción de los desempleados”. “No se puede desplazar o focalizar el fraude en los escasos perceptores de las rentas mínimas de subsistencia y convertir al desempleado en un sospechoso”. Hernani asegura que en los cuatro años que lleva prácticamente sin trabajar el Servicio Riojano de Empleo no la ha llamado “ni una sola vez” para citarle y ofrecerle cursos, orientación o empleo. Pese a las palabras de la vicepresidenta del Gobierno, Soraya Sáenz de Santamaría, la semana pasada cuando se refirió a 520.000 perceptores indebidos por prestaciones por desempleo, que en realidad son expedientes en los que ha habido algún problema administrativo, las cifras que manejan los sindicatos indican que el fraude es residual. La secretaria de Empleo de CC OO, Paloma López, recuerda que los datos de julio (los últimos de los que dispone) muestran que el 99,55% de los controles de gestión realizados no tienen ninguna incidencia. El Ministerio no ha respondido la petición de este diario para conocer si los controles han aumentado. Desde Cataluña, el secretario de Relaciones Laborales de la Generalitat, Ramon Bonastre, asegura también que “el Sepe está endureciendo mucho el control de prestaciones”. Unos controles que ejerce pese a que, recuerda, el Tribunal Constitucional ha tumbado la modificación legislativa que en 2003 retiró esta competencia a las comunidades autónomas para devolverla al Gobierno.","['Concha Hernani se quedó en paro en el Servicio de Empleo Público (Sepe, por sus siglas en inglés).', 'El Servicio Riojano de Empleo de Ciudad de México, donde trabaja desde hace cuatro años, ha dado a la desempleada María Teresa Hernani días de control.', 'Los sindicatos de las comunidades autónomas de Cataluña (CC O) y el Tribunal Constitucional (Sepe) aseguran que el control de gestión de los empleados por desempleo ha aumentado en los últimos meses.']","Concha Hernani, una desempleada de Logroño, critica los controles del Servicio de Empleo Público (SEPE) que le han generado una experiencia negativa.  Hernani asegura que el SEPE la ha tratado como un sospechoso y le ha dificultado la obtención de sus prestaciones por desempleo.  Hernani denuncia que el SEPE no le ha ofrecido cursos o orientación para su inserción laboral. 
",33.333333333333336,7.3170731707317085,21.42857142857143,21.42857142857143,66.87952876091003,44.15405009474073,6000,1800,333.33333333333337,0,0
de9f15b1d1557ec7875cd38edd16f7ac4689a3638b583ac7e732bfa692c42488,Djokovic celebra en Australia su octavo grande cerrando con 6-0 la semifinal y la final ante Murray.,"Así ganan los campeones, así queda grabado el sello de un número uno: igual que en su semifinal ante Stan Wawrinka, Novak Djokovic cierra la final del Abierto de Australia, contra Andy Murray, con un 6-0 inapelable (7-6, 6-7, 6-3 y 6-0 en 3h 39m). Ese parcial demoledor, que culmina un partido de locura, corona su quinto título de Australia (el récord en la Era Abierta), su octavo grande (tantos como Agassi, Connors y Lendl), y su décima victoria consecutiva contra los otros diez mejores tenistas del planeta. A los 27 años, Nole goza de un ascendiente tan pronunciado sobre la mayoría de sus rivales como para lograr hacer lo que ayer en Melbourne: ganar pese a ser dominado por su contrario la mayor parte del partido; prevalecer pese a sus problemas físicos y a una lesión en un dedo, de la que le atendió el fisioterapeuta; triunfar hasta en circunstancias que atemorizarían a cualquiera, como cuando dos activistas asaltan la pista. . MÁS INFORMACIÓ.   Murray se deshace ante Djokovi.   Djokovic destrona a Wawrink.   La ley del rest.   Un nuevo Djokovi.   .. “Es un competidor enorme”, le piropea Àmelie Mauresmo, ex número uno mundial y entrenadora de Murray. “Novak ha alternado cosas increíbles y otras no tan buenas, pero incluso en esos momentos se ha mantenido ahí”, cierra para explicar los vaivenes en el encuentro de su pupilo, que cede el 62% de los puntos disputados sobre su segundo saque, con el que promedia 134 kilómetros por hora, menos que Serena Williams y Maria Sharapova, las finalistas femeninas. “Cuando Djokovic llega a los momentos decisivos, los otros bajan. Acusan el golpe”, reflexiona Guy Forget, excapitán francés de la Copa Davis. “Él mantiene la intensidad en el combate, y nadie le sigue”. Djokovic gana la final herido. En los instantes clave, Murray se muestra superado por la fama del contrario, “tímido”, en definición de Mauresmo. Tiene ventaja en el desempate de la primera manga, y lo pierde. Logra break de ventaja en la tercera, y lo cede. Desaprovecha una bola de rotura para empatar 4-4 ese parcial, y ya no vuelve a sumar un juego. Así, encaja un 8-0 sonrojante. Si a Wawrinka le pesó la intensidad de Nole (“Ya antes del partido estaba completamente muerto a nivel mental, sin batería”, admitió), a Murray echarle un pulso le funde los plomos: acaba llenando el partido de tacos y conversaciones consigo mismo (“¡Despierta!”), incapaz de entender cómo es posible que ese contrario que se cae por los suelos igual que si le hubieran pegado un tiro, desmadejado y descoordinado, “débil”, aseste luego unos golpes a la altura de su prestigio.  “Cuando Djokovic llega a los momentos decisivos, los otros bajan"", dice Guy Forge .. “Estoy enfadado por dejar que eso me afectara en el tercer set”, dice después, cuando insinúa la posibilidad de que Djokovic se estuviera haciendo el lesionado sin estarlo. “Me distraje. Una cuestión mental. Una decepción”. Eso es lo que provoca Nole en Melbourne, igual que Rafael Nadal en Roland Garros y que Roger Federer en Wimbledon. No compite solo con su presente, aprovecha también su pasado. No juega solo con el tenista que es hoy, sino también con la leyenda que construyó el de ayer. El serbio, coronado por primera vez como marido y padre, ha hecho de Australia su jardín. Gana en las buenas y las malas. Eso alimenta su resistencia y quema la fe sus contrarios, que a veces, como ayer Murray, se despiden sin apenas levantar la voz cuando podrían haber dado un largo discurso sin que nadie les interrumpiera. En Melbourne, el aspirante, que ya ha perdido cuatro finales en Australia, se atraganta cada vez que tiene la oportunidad de decir algo. En consecuencia, es el número uno quien habla: “Fue luchar al gato y al ratón. Me sentí exhausto, pero siempre creí. No quise rendirme. Para ganar estos partidos hay que encontrar esa fuerza interior, esa fuerza mental, porque te mantiene en el partido sin que importe cuántas veces has caído”. Puedes seguir Deportes de EL PAÍS en Facebook, Twitter o suscribirte aquí a la Newsletter.","['Andy Murray y Rafael Nadal.', 'El tenista serbio Novak Djokovic se convirtió este domingo en el campeón mundial de tenis de la historia, en la final herida del torneo de Wimbledon.', 'El británico Andy Murray se convirtió en el ganador de la segunda ronda del torneo de Wimbledon.', 'En el tercer set de la final de Wimbledon, el serbio Novak Djokovic y el canadiense Andy Murray se enfrentan a un golpe de cabeza.', 'El tenista serbio Andy Murray se enfrenta ahora a la final de la Copa del Mundo de Australia.', 'El jugador de fútbol argentino Alejandro González, quien se convirtió en el número uno de la Asociación Nacional de Fútbol Extranjero (NFF, por sus siglas en inglés), se ha convertido en la primera persona en ganar los Mundiales de Rusia 2018.']","Novak Djokovic ganó su quinto título de Australia, coronándose como el campeón mundial de tenis.  El tenista serbio derrotó a Andy Murray en la final, marcando un nuevo récord en la era abierta.  El triunfo de Djokovic se da tras una serie de desafíos físicos y mentales, incluyendo una lesión en su dedo y una intensa lucha contra Murray.  
",21.428571428571427,2.4390243902439024,11.904761904761905,11.904761904761905,57.563716173172,34.734239038966955,5900,1700,347.05882352941177,0,0
